total_days,total_pnl,avg_daily_return,std_dev,max_drawdown,win_rate,profit_factor,sharpe_ratio,annualized_sharpe
364,2292257.50,6297.410714285714285714285714,6325.755722095737259911040347,0.8331307914324775938022178338,0.8296703296703297,12.59899658697890707423890136,0.9955190986784246,15.803375763109688
