total_days,total_pnl,avg_daily_return,std_dev,max_drawdown,win_rate,profit_factor,sharpe_ratio,annualized_sharpe
364,2551227.22,7008.865989010989010989010989,6352.330524988132249639316173,0.4661721616699736348563507380,0.8598901098901099,17.31072820435707633955668691,1.10335346721572,17.515193294721918
