total_days,total_pnl,avg_daily_return,std_dev,max_drawdown,win_rate,profit_factor,sharpe_ratio,annualized_sharpe
364,2427627.22,6669.305549450549450549450549,6314.668532555111959661173102,0.4661721616699736348563507380,0.8598901098901099,15.37520814832329312453394050,1.0561608159956515,16.766033181693256
