total_days,total_pnl,avg_daily_return,std_dev,max_drawdown,win_rate,profit_factor,sharpe_ratio,annualized_sharpe
364,2147357.50,5899.333791208791208791208791,6472.455901550199079755179981,0.7854074180151797221824430760,0.8186813186813187,10.19570267752952134208356975,0.9114521290799029,14.468853992914594
