total_days,total_pnl,avg_daily_return,std_dev,max_drawdown,win_rate,profit_factor,sharpe_ratio,annualized_sharpe
364,2368735.86,6507.516098901098901098901099,6230.518931655997497597885172,0.7339172029918246651591581145,0.8543956043956044,15.12062432399436113532702935,1.044458108693428,16.58025846256608
