total_days,total_pnl,avg_daily_return,std_dev,max_drawdown,win_rate,profit_factor,sharpe_ratio,annualized_sharpe
364,2420402.51,6649.457445054945054945054945,6321.367201441404289435037595,0.7418234270082069137030589406,0.8598901098901099,15.42796842445603682645110495,1.0519017727958677,16.698422966915004
