total_days,total_pnl,avg_daily_return,std_dev,max_drawdown,win_rate,profit_factor,sharpe_ratio,annualized_sharpe
364,2426181.72,6665.334395604395604395604396,6315.431396233758017877319449,0.5059274336283185840707964602,0.8598901098901099,15.36664861199612946708759097,1.055404436855133,16.754026035077125
