total_days,total_pnl,avg_daily_return,std_dev,max_drawdown,win_rate,profit_factor,sharpe_ratio,annualized_sharpe
364,2316292.76,6363.441648351648351648351648,6188.132539990303357045074051,0.7339172029918246651591581145,0.8461538461538461,13.71487263240130531642856923,1.0283298762370303,16.324230709566066
