total_days,total_pnl,avg_daily_return,std_dev,max_drawdown,win_rate,profit_factor,sharpe_ratio,annualized_sharpe
364,2318287.86,6368.922692307692307692307692,6183.934576537545940625677401,0.7339172029918246651591581145,0.8461538461538461,13.75665514271482940449995389,1.0299142939039054,16.34938256028252
