total_days,total_pnl,avg_daily_return,std_dev,max_drawdown,win_rate,profit_factor,sharpe_ratio,annualized_sharpe
364,2358556.86,6479.551813186813186813186813,6225.744964636277574028519388,0.7339172029918246651591581145,0.8543956043956044,14.88582856569590079734585424,1.0407672930110596,16.521668579982936
