total_days,total_pnl,avg_daily_return,std_dev,max_drawdown,win_rate,profit_factor,sharpe_ratio,annualized_sharpe
364,2340535.86,6430.043571428571428571428571,6136.382358594085964311969373,0.7339172029918246651591581145,0.8461538461538461,15.07058582637289360756117229,1.0478557424079236,16.634194225693943
