total_days,total_pnl,avg_daily_return,std_dev,max_drawdown,win_rate,profit_factor,sharpe_ratio,annualized_sharpe
364,2553887.37,7016.174093406593406593406593,6343.967057140946622097179559,0.3591102853612732569514733318,0.8626373626373627,17.49461117825932454882277922,1.1059600327123251,17.556571239202032
